# granularity: DAILY (OKX rubik limit); coverage: 2026-04-11 -> 2026-10-07
ts,oi_contracts,oi_value
2026-04-11 16:00:00+00:00,3222462846.258,3334204170.2384
2026-04-12 16:00:00+00:00,3090295504.8838,5446621304.0348
2026-04-13 16:00:00+00:00,3132741555.4482,5420375134.5256
2026-04-14 16:00:00+00:00,3481140857.787,9366412927.0706
2026-04-15 16:00:00+00:00,3355552724.9015,6525727482.5273
2026-04-16 16:00:00+00:00,3306929102.9611,6695059957.095
2026-04-17 16:00:00+00:00,3635976475.3239,10429615300.2313
2026-04-18 16:00:00+00:00,3415972072.1004,5760764367.9362
2026-04-19 16:00:00+00:00,3386283922.1824,4725204188.8926
2026-04-20 16:00:00+00:00,3319811082.4809,7844951330.0844
2026-04-21 16:00:00+00:00,3403679510.9075,6936613090.3116
2026-04-22 16:00:00+00:00,3763758011.7485,9621985474.7159
2026-04-23 16:00:00+00:00,3621013186.6364,7482968836.9353
2026-04-24 16:00:00+00:00,3454250463.8793,7447512102.1125
2026-04-25 16:00:00+00:00,3299519783.4614,3037497357.959
2026-04-26 16:00:00+00:00,3323136752.0297,2969173318.8803
2026-04-27 16:00:00+00:00,3338083108.6499,9508566649.7756
2026-04-28 16:00:00+00:00,3260512889.4685,5773379998.9152
2026-04-29 16:00:00+00:00,3120774488.6711,6333330305.8626
2026-04-30 16:00:00+00:00,3174132198.8026,7151004511.011
2026-05-01 16:00:00+00:00,3368344719.1003,7000868514.2874
2026-05-02 16:00:00+00:00,3323012235.732,2793624876.1854
2026-05-03 16:00:00+00:00,3336478200.058,2829298162.8464
2026-05-04 16:00:00+00:00,3313048664.4905,11193901248.0473
2026-05-05 16:00:00+00:00,3710005695.7092,7358708173.5813
2026-05-06 16:00:00+00:00,3582758784.5781,8920588079.8568
2026-05-07 16:00:00+00:00,3445457294.8744,6676271816.6816
2026-05-08 16:00:00+00:00,3461268612.0502,6314931887.5243
2026-05-09 16:00:00+00:00,3505271815.3207,2986957507.8088
2026-05-10 16:00:00+00:00,3532054275.38,2763836893.0053
2026-05-11 16:00:00+00:00,3511509079.8679,7556896147.2034
2026-05-12 16:00:00+00:00,3493632545.5021,6757032556.5265
2026-05-13 16:00:00+00:00,3512598491.0108,7328230243.0611
2026-05-14 16:00:00+00:00,3504963010.3979,7532822482.8851
2026-05-15 16:00:00+00:00,3382429911.203,10513708982.8194
2026-05-16 16:00:00+00:00,3422611240.7347,4657861907.4414
2026-05-17 16:00:00+00:00,3420321934.7466,2847535216.9115
2026-05-18 16:00:00+00:00,3468276281.763,8362491482.5119
2026-05-19 16:00:00+00:00,3367962902.4859,6041666217.3091
2026-05-20 16:00:00+00:00,3328450728.0873,5405814012.7296
2026-05-21 16:00:00+00:00,3327407389.4365,5997595170.8715
2026-05-22 16:00:00+00:00,3371700119.6847,5169900817.1725
2026-05-23 16:00:00+00:00,3404162635.1109,7461114443.4589
2026-05-24 16:00:00+00:00,3217562158.4053,5839736230.3869
2026-05-25 16:00:00+00:00,3248658126.3526,4694766425.1291
2026-05-26 16:00:00+00:00,3189865859.4579,7036135829.4867
2026-05-27 16:00:00+00:00,3409469391.9809,6619161805.8309
2026-05-28 16:00:00+00:00,3486008116.207,8755557568.4017
2026-05-29 16:00:00+00:00,3322873495.7137,6636086825.3425
2026-05-30 16:00:00+00:00,3273961174.8667,3903028523.9844
2026-05-31 16:00:00+00:00,3277637200.2835,2233508736.4891
2026-06-01 16:00:00+00:00,3364900453.8806,7821571205.5666
2026-06-02 16:00:00+00:00,3442797338.6152,12587910110.4195
2026-06-03 16:00:00+00:00,3258423229.1402,11884122835.2073
2026-06-04 16:00:00+00:00,3012084691.9336,19106842181.9363
2026-06-05 16:00:00+00:00,2626030432.4916,14906363149.9432
2026-06-06 16:00:00+00:00,2583133879.7958,12220992685.0832
2026-06-07 16:00:00+00:00,2596838642.7913,6715685186.7007
2026-06-08 16:00:00+00:00,2555610097.2696,10040366628.4747
2026-06-09 16:00:00+00:00,2584851523.4535,7377378015.0521
2026-06-10 16:00:00+00:00,2633821063.9838,7881318553.3466
2026-06-11 16:00:00+00:00,2707205873.9869,6355345049.5298
2026-06-12 16:00:00+00:00,2656380990.9953,6834118397.6109
2026-06-13 16:00:00+00:00,2731543471.9435,2827359238.3057
2026-06-14 16:00:00+00:00,2759695916.6159,3069563490.8159
2026-06-15 16:00:00+00:00,2884414445.6194,7871618935.382
2026-06-16 16:00:00+00:00,2732651454.9411,6461806625.077
2026-06-17 16:00:00+00:00,2698380938.2346,5355335830.4724
2026-06-18 16:00:00+00:00,2581034725.5466,9058485503.6457
2026-06-19 16:00:00+00:00,2665612166.1622,5086468580.3815
2026-06-20 16:00:00+00:00,2651569874.8967,3975001755.2449
2026-06-21 16:00:00+00:00,2668831407.2882,2868478014.5444
2026-06-22 16:00:00+00:00,2634158005.2497,6434891184.5615
2026-06-23 16:00:00+00:00,2697980405.5143,7374407709.607
2026-06-24 16:00:00+00:00,2703500354.8087,7694723101.9513
2026-06-25 16:00:00+00:00,2700609722.6585,15079770627.2733
2026-06-26 16:00:00+00:00,2485111326.2864,11070944295.0007
2026-06-27 16:00:00+00:00,2514782580.8159,3757526164.0002
2026-06-28 16:00:00+00:00,2507518848.5675,3123083157.9178
2026-06-29 16:00:00+00:00,2548089122.7054,8539879231.3536
2026-06-30 16:00:00+00:00,2723204145.6682,7525564448.8605
2026-07-01 16:00:00+00:00,2556725461.4239,8252643098.9872
2026-07-02 16:00:00+00:00,2535164534.855,9329429368.03
2026-07-03 16:00:00+00:00,2588967622.9523,4568006200.6929
2026-07-04 16:00:00+00:00,2510949323.398,3569859096.9963
2026-07-05 16:00:00+00:00,2507760596.9697,3264788210.9556
2026-07-06 16:00:00+00:00,2528351580.8849,7947537752.6603
2026-07-07 16:00:00+00:00,2563218021.0242,7232559043.2178
2026-07-08 16:00:00+00:00,2526172785.1121,6437761094.1815
2026-07-09 16:00:00+00:00,2492435840.9608,6028785807.0431
2026-07-10 16:00:00+00:00,2568108026.3488,5795700526.4381
2026-07-11 16:00:00+00:00,2590719245.1757,2352257028.41
2026-07-12 16:00:00+00:00,2581498973.8269,2483091414.9523
2026-07-13 16:00:00+00:00,2605866899.4096,6741235214.9131
2026-07-14 16:00:00+00:00,2590714194.8219,7721404882.1567
2026-07-15 16:00:00+00:00,2622536215.0275,6349177469.7124
2026-07-16 16:00:00+00:00,2588930567.9014,5345229035.9691
2026-07-17 16:00:00+00:00,2592805384.4882,6421625228.1258
2026-07-18 16:00:00+00:00,2575755224.794,2639247820.0269
2026-07-19 16:00:00+00:00,2656327879.5727,2959659237.1541
2026-07-20 16:00:00+00:00,2700101525.1827,7065746086.1989
2026-07-21 16:00:00+00:00,2830404860.7702,6024096502.2173
2026-07-22 16:00:00+00:00,2666597339.038,5416736308.9933
2026-07-23 16:00:00+00:00,2633105607.4232,5130994108.0771
2026-07-24 16:00:00+00:00,2670176741.7035,6825222931.0053
2026-07-25 16:00:00+00:00,2685121805.411,2168491793.3501
2026-07-26 16:00:00+00:00,2608594715.1185,2192592647.4374
2026-07-27 16:00:00+00:00,2547793372.7022,5621849591.6527
2026-07-28 16:00:00+00:00,2627097967.0689,6539457038.9402
2026-07-29 16:00:00+00:00,2540951743.1163,5200210177.9916
2026-07-30 16:00:00+00:00,2586909207.3327,6531017222.4607
2026-07-31 16:00:00+00:00,2604878765.7584,6660930589.115
2026-08-01 16:00:00+00:00,2573437871.7015,1797744392.259
2026-08-02 16:00:00+00:00,2573390040.3526,3430971406.3229
2026-08-03 16:00:00+00:00,2568269010.8088,5508192224.4416
2026-08-04 16:00:00+00:00,2565797658.5814,4673747482.9167
2026-08-05 16:00:00+00:00,2565491757.2006,4957824046.9373
2026-08-06 16:00:00+00:00,2603377750.9076,4495609313.0136
2026-08-07 16:00:00+00:00,2636256792.3438,4257036498.9651
2026-08-08 16:00:00+00:00,2656363916.6622,1755531837.7287
2026-08-09 16:00:00+00:00,2715282977.5983,1297192933.5329
2026-08-10 16:00:00+00:00,2681403739.0794,3715238703.3744
2026-08-11 16:00:00+00:00,2669623036.388,4406820058.3787
2026-08-12 16:00:00+00:00,2669071774.3235,4754606971.3729
2026-08-13 16:00:00+00:00,2628531160.7719,3792174799.0372
2026-08-14 16:00:00+00:00,2871551875.5286,4967720987.8555
2026-08-15 16:00:00+00:00,2747803041.8394,1758546178.0523
2026-08-16 16:00:00+00:00,2748936403.6742,618412640.0832
2026-08-17 16:00:00+00:00,2667824169.6878,4292736851.8151
2026-08-18 16:00:00+00:00,2758692692.6792,4621246916.312
2026-08-19 16:00:00+00:00,2849033700.569,9570332966.3338
2026-08-20 16:00:00+00:00,2881952350.5052,13205566987.4882
2026-08-21 16:00:00+00:00,2996804849.8298,19054846456.8967
2026-08-22 16:00:00+00:00,2970622957.121,7651877226.9876
2026-08-23 16:00:00+00:00,2967726194.7893,5433481681.0103
2026-08-24 16:00:00+00:00,2978431287.799,8890598543.3967
2026-08-25 16:00:00+00:00,2972051342.756,10568495427.3537
2026-08-26 16:00:00+00:00,2946432137.1844,6452817469.591
2026-08-27 16:00:00+00:00,2950906168.0373,6992170019.6367
2026-08-28 16:00:00+00:00,2890575518.4013,8217201352.5066
2026-08-29 16:00:00+00:00,2896995883.5987,4998910022.0291
2026-08-30 16:00:00+00:00,2893889840.0514,2531291178.8595
2026-08-31 16:00:00+00:00,2839063200.5322,6923035173.9363
2026-09-01 16:00:00+00:00,2854759629.6793,5610147170.075
2026-09-02 16:00:00+00:00,2957729996.1196,7758115529.2393
2026-09-03 16:00:00+00:00,3059640951.8624,8624374091.2202
2026-09-04 16:00:00+00:00,2885521900.9836,10194212567.3777
2026-09-05 16:00:00+00:00,2846464654.3794,2337395559.1773
2026-09-06 16:00:00+00:00,2825104203.5042,2842366880.459
2026-09-07 16:00:00+00:00,2876513742.1184,4170631156.4393
2026-09-08 16:00:00+00:00,2930663948.6681,5385949383.3041
2026-09-09 16:00:00+00:00,2830625947.0336,6150814587.5353
2026-09-10 16:00:00+00:00,2936982957.2738,6256909221.4253
2026-09-11 16:00:00+00:00,2831220777.3186,8912939593.2836
2026-09-12 16:00:00+00:00,2821360493.9481,3060876508.579
2026-09-13 16:00:00+00:00,2882179123.8297,2409850735.6528
2026-09-14 16:00:00+00:00,2874697096.0104,5667349910.3209
2026-09-15 16:00:00+00:00,2911256908.1545,8283518901.8752
2026-09-16 16:00:00+00:00,2843393861.5766,6985733346.4398
2026-09-17 16:00:00+00:00,2916381895.419,7384359520.5369
2026-09-18 16:00:00+00:00,3150592639.8549,8698665020.0737
2026-09-19 16:00:00+00:00,3224081995.6714,4732757851.6647
2026-09-20 16:00:00+00:00,3167835977.9828,4186414196.2893
2026-09-21 16:00:00+00:00,3393873876.7162,12221776125.6094
2026-09-22 16:00:00+00:00,3403740240.726,8170005128.3242
2026-09-23 16:00:00+00:00,3341170603.8468,8816015796.9032
2026-09-24 16:00:00+00:00,3174718411.9604,8307980657.9218
2026-09-25 16:00:00+00:00,3156239053.0536,7826763070.9357
2026-09-26 16:00:00+00:00,3124948173.9001,2523490438.8089
2026-09-27 16:00:00+00:00,3106673944.8882,3209179057.2015
2026-09-28 16:00:00+00:00,3151673369.9102,6638319107.1021
2026-09-29 16:00:00+00:00,3091550722.1144,6459816172.8932
2026-09-30 16:00:00+00:00,3055719864.2821,8011224289.1239
2026-10-01 16:00:00+00:00,3157247189.9675,6444716898.3557
2026-10-02 16:00:00+00:00,3254564477.8442,10027961914.0659
2026-10-03 16:00:00+00:00,3161609596.4917,4020744892.2389
2026-10-04 16:00:00+00:00,3180398495.2937,1936442621.0841
2026-10-05 16:00:00+00:00,3207055793.6633,7046263781.375
2026-10-06 16:00:00+00:00,3325696593.0834,5419947715.0396
2026-10-07 16:00:00+00:00,3344260212.9877,7659081743.7704
