# granularity: DAILY (OKX rubik limit); coverage: 2026-07-28 -> 2026-10-07
ts,taker_buy_vol,taker_sell_vol
2026-07-28 16:00:00+00:00,4150734517.8733,4057725857.6057
2026-07-29 16:00:00+00:00,3359171531.6957,3255558986.3757
2026-07-30 16:00:00+00:00,3739589411.6599,3704989968.3996
2026-07-31 16:00:00+00:00,3192701094.4194,3077268176.6554
2026-08-01 16:00:00+00:00,1016177544.2591,1058410658.4911
2026-08-02 16:00:00+00:00,2543640173.6352,2425885830.9132
2026-08-03 16:00:00+00:00,3112735409.8631,3086851746.9651
2026-08-04 16:00:00+00:00,2292765797.7428,2308996224.2048
2026-08-05 16:00:00+00:00,2413933045.1908,2415828416.3913
2026-08-06 16:00:00+00:00,3050348586.4253,3314849205.7225
2026-08-07 16:00:00+00:00,2131221073.5913,2337900006.7338
2026-08-08 16:00:00+00:00,869931677.6543,875605636.3535
2026-08-09 16:00:00+00:00,757431969.3979,764695251.0631
2026-08-10 16:00:00+00:00,2584774753.1396,2458072586.5296
2026-08-11 16:00:00+00:00,2001234976.1353,1882005789.244
2026-08-12 16:00:00+00:00,2319381578.6885,2412581023.3668
2026-08-13 16:00:00+00:00,1938946781.6978,1919489226.6377
2026-08-14 16:00:00+00:00,1753743237.6681,1797211502.6325
2026-08-15 16:00:00+00:00,767849607.7387,718570042.7266
2026-08-16 16:00:00+00:00,377947815.2365,357347527.6479
2026-08-17 16:00:00+00:00,2096437752.8617,2119175948.0395
2026-08-18 16:00:00+00:00,1906796373.6248,1912512961.6798
2026-08-19 16:00:00+00:00,4012568238.9154,4594211293.5817
2026-08-20 16:00:00+00:00,8584301878.9761,8659176195.2074
2026-08-21 16:00:00+00:00,6497129261.6017,6763910970.9155
2026-08-22 16:00:00+00:00,5789759205.6416,5801769803.6354
2026-08-23 16:00:00+00:00,3746395995.0197,3731897322.6444
2026-08-24 16:00:00+00:00,4965122579.4547,4969074390.8321
2026-08-25 16:00:00+00:00,4352477964.9355,4135818486.4177
2026-08-26 16:00:00+00:00,3243156562.8924,3104158413.56
2026-08-27 16:00:00+00:00,4488443395.8114,4621158419.5988
2026-08-28 16:00:00+00:00,3904382339.1305,3663340598.7811
2026-08-29 16:00:00+00:00,2268199311.8668,2225559770.0136
2026-08-30 16:00:00+00:00,1296409561.7886,1259089110.3123
2026-08-31 16:00:00+00:00,5101643515.3333,4988378688.1669
2026-09-01 16:00:00+00:00,2645645935.0995,2644602332.048
2026-09-02 16:00:00+00:00,4876738007.0257,4535351210.4859
2026-09-03 16:00:00+00:00,4055004272.6939,4319878993.0982
2026-09-04 16:00:00+00:00,4894484160.0192,4814507959.3378
2026-09-05 16:00:00+00:00,981638411.85,997639622.2602
2026-09-06 16:00:00+00:00,2364309543.8454,2317872091.9988
2026-09-07 16:00:00+00:00,2802919186.5888,2811409512.8087
2026-09-08 16:00:00+00:00,3113207975.4627,2961979721.385
2026-09-09 16:00:00+00:00,3391914663.4447,3406709086.9781
2026-09-10 16:00:00+00:00,3608017978.5209,3349340344.4053
2026-09-11 16:00:00+00:00,5874739490.2514,6282197121.5307
2026-09-12 16:00:00+00:00,2627280511.8358,2681627778.6668
2026-09-13 16:00:00+00:00,2205062561.5643,2073799392.366
2026-09-14 16:00:00+00:00,3269987958.5077,3273557949.4339
2026-09-15 16:00:00+00:00,5286826299.6637,5098090175.5157
2026-09-16 16:00:00+00:00,4207632513.7982,4102752218.4368
2026-09-17 16:00:00+00:00,4596994696.2181,4843948296.7721
2026-09-18 16:00:00+00:00,4276963121.3698,4383920691.9877
2026-09-19 16:00:00+00:00,3103401403.5963,3235348181.9014
2026-09-20 16:00:00+00:00,2733080378.4952,2680403302.2604
2026-09-21 16:00:00+00:00,5534874045.0877,5804538951.8405
2026-09-22 16:00:00+00:00,4243313223.1616,4354826078.9798
2026-09-23 16:00:00+00:00,4718334522.7536,4326763544.2319
2026-09-24 16:00:00+00:00,3847688855.7526,3781007365.423
2026-09-25 16:00:00+00:00,3873055688.446,3956746965.6254
2026-09-26 16:00:00+00:00,1333671214.5653,1337144033.0407
2026-09-27 16:00:00+00:00,1679823736.4791,1691306799.4595
2026-09-28 16:00:00+00:00,3359180482.2689,3176716159.0577
2026-09-29 16:00:00+00:00,4105567549.1422,4233998558.4005
2026-09-30 16:00:00+00:00,3608366074.4463,3714061680.2315
2026-10-01 16:00:00+00:00,3094082493.4957,3077572787.1637
2026-10-02 16:00:00+00:00,4227252855.2171,4348422905.4312
2026-10-03 16:00:00+00:00,1990880574.5078,1919365209.0663
2026-10-04 16:00:00+00:00,962579247.3023,941314608.6072
2026-10-05 16:00:00+00:00,2832409085.6893,2903397041.1251
2026-10-06 16:00:00+00:00,2277683713.0374,2209698536.1432
2026-10-07 16:00:00+00:00,4192511058.3271,3603779137.0271
