ts,funding_rate
2026-06-29 08:00:00+00:00,6.1876644647e-06
2026-06-29 16:00:00+00:00,1.56100614198e-05
2026-06-30 00:00:00+00:00,3.80240674401e-05
2026-06-30 08:00:00+00:00,-6.0488193957e-06
2026-06-30 16:00:00+00:00,7.21824183872e-05
2026-07-01 00:00:00+00:00,6.60988957706e-05
2026-07-01 08:00:00+00:00,3.03769550576e-05
2026-07-01 16:00:00+00:00,9.0161202807e-06
2026-07-02 00:00:00+00:00,2.15009551479e-05
2026-07-02 08:00:00+00:00,6.07032025056e-05
2026-07-02 16:00:00+00:00,4.17278103235e-05
2026-07-03 00:00:00+00:00,3.67640954252e-05
2026-07-03 08:00:00+00:00,7.76998564309e-05
2026-07-03 16:00:00+00:00,5.88368007291e-05
2026-07-04 00:00:00+00:00,7.24813657104e-05
2026-07-04 08:00:00+00:00,7.45597493041e-05
2026-07-04 16:00:00+00:00,2.28901001596e-05
2026-07-05 00:00:00+00:00,9.68990038946e-05
2026-07-05 08:00:00+00:00,7.03063439524e-05
2026-07-05 16:00:00+00:00,5.63044651547e-05
2026-07-06 00:00:00+00:00,6.62427337674e-05
2026-07-06 08:00:00+00:00,6.10400190784e-05
2026-07-06 16:00:00+00:00,4.94066073094e-05
2026-07-07 00:00:00+00:00,9.25998620273e-05
2026-07-07 08:00:00+00:00,5.26322924488e-05
2026-07-07 16:00:00+00:00,3.54451387017e-05
2026-07-08 00:00:00+00:00,4.56793237861e-05
2026-07-08 08:00:00+00:00,2.93051602703e-05
2026-07-08 16:00:00+00:00,8.04853240237e-05
2026-07-09 00:00:00+00:00,2.70502736983e-05
2026-07-09 08:00:00+00:00,-8.6390853462e-06
2026-07-09 16:00:00+00:00,4.21208700726e-05
2026-07-10 00:00:00+00:00,2.88771231982e-05
2026-07-10 08:00:00+00:00,5.03523904176e-05
2026-07-10 16:00:00+00:00,-2.1531631174e-06
2026-07-11 00:00:00+00:00,3.10694109403e-05
2026-07-11 08:00:00+00:00,-3.21065333534e-05
2026-07-11 16:00:00+00:00,-1.05100711028e-05
2026-07-12 00:00:00+00:00,-3.05826141828e-05
2026-07-12 08:00:00+00:00,-1.80494264056e-05
2026-07-12 16:00:00+00:00,-1.49280788989e-05
2026-07-13 00:00:00+00:00,-1.9284312303e-05
2026-07-13 08:00:00+00:00,5.73308230271e-05
2026-07-13 16:00:00+00:00,-3.8104382994e-06
2026-07-14 00:00:00+00:00,1.23850005236e-05
2026-07-14 08:00:00+00:00,5.010183463e-07
2026-07-14 16:00:00+00:00,4.38677177839e-05
2026-07-15 00:00:00+00:00,7.2200760681e-06
2026-07-15 08:00:00+00:00,6.09661220377e-05
2026-07-15 16:00:00+00:00,2.75465227283e-05
2026-07-16 00:00:00+00:00,4.08086469783e-05
2026-07-16 08:00:00+00:00,7.61611320942e-05
2026-07-16 16:00:00+00:00,3.66753143679e-05
2026-07-17 00:00:00+00:00,6.8512360485e-05
2026-07-17 08:00:00+00:00,6.77113654724e-05
2026-07-17 16:00:00+00:00,3.69963698486e-05
2026-07-18 00:00:00+00:00,-2.95985967298e-05
2026-07-18 08:00:00+00:00,-3.01450665353e-05
2026-07-18 16:00:00+00:00,8.6559930819e-06
2026-07-19 00:00:00+00:00,-2.58329348864e-05
2026-07-19 08:00:00+00:00,1.25871505438e-05
2026-07-19 16:00:00+00:00,6.74808766784e-05
2026-07-20 00:00:00+00:00,1.48006644307e-05
2026-07-20 08:00:00+00:00,-2.2207834139e-06
2026-07-20 16:00:00+00:00,-5.9409107398e-06
2026-07-21 00:00:00+00:00,1.58882774007e-05
2026-07-21 08:00:00+00:00,-4.45163079178e-05
2026-07-21 16:00:00+00:00,-8.448823037e-07
2026-07-22 00:00:00+00:00,-3.08424179407e-05
2026-07-22 08:00:00+00:00,-2.55962269609e-05
2026-07-22 16:00:00+00:00,-1.40415231133e-05
2026-07-23 00:00:00+00:00,3.843646923e-07
2026-07-23 08:00:00+00:00,8.9193515735e-06
2026-07-23 16:00:00+00:00,-6.869855277e-07
2026-07-24 00:00:00+00:00,-3.65408707853e-05
2026-07-24 08:00:00+00:00,-5.27169993112e-05
2026-07-24 16:00:00+00:00,4.49126092244e-05
2026-07-25 00:00:00+00:00,1.99106359241e-05
2026-07-25 08:00:00+00:00,6.3860019022e-05
2026-07-25 16:00:00+00:00,3.30618818075e-05
2026-07-26 00:00:00+00:00,1.29977466092e-05
2026-07-26 08:00:00+00:00,2.12251466303e-05
2026-07-26 16:00:00+00:00,2.20730758221e-05
2026-07-27 00:00:00+00:00,5.1883489743e-05
2026-07-27 08:00:00+00:00,2.80698073452e-05
2026-07-27 16:00:00+00:00,4.5289516199e-06
2026-07-28 00:00:00+00:00,4.9488462759e-06
2026-07-28 08:00:00+00:00,-1.22022483673e-05
2026-07-28 16:00:00+00:00,-6.8647534945e-06
2026-07-29 00:00:00+00:00,1.68559808199e-05
2026-07-29 08:00:00+00:00,1.65477485e-05
2026-07-29 16:00:00+00:00,-8.563046805e-06
2026-07-30 00:00:00+00:00,4.05143713341e-05
2026-07-30 08:00:00+00:00,2.40826545597e-05
2026-07-30 16:00:00+00:00,1.97473818978e-05
2026-07-31 00:00:00+00:00,2.37493300502e-05
2026-07-31 08:00:00+00:00,3.86844546564e-05
2026-07-31 16:00:00+00:00,1.76944057637e-05
2026-08-01 00:00:00+00:00,-1.56100214736e-05
2026-08-01 08:00:00+00:00,-7.2516357667e-06
2026-08-01 16:00:00+00:00,8.4312481241e-06
2026-08-02 00:00:00+00:00,-2.1638887569e-06
2026-08-02 08:00:00+00:00,9.0890955266e-06
2026-08-02 16:00:00+00:00,-1.3308240259e-05
2026-08-03 00:00:00+00:00,-2.4670933644e-06
2026-08-03 08:00:00+00:00,8.909416699e-06
2026-08-03 16:00:00+00:00,1.33384481188e-05
2026-08-04 00:00:00+00:00,-6.3556808055e-06
2026-08-04 08:00:00+00:00,3.8280633343e-05
2026-08-04 16:00:00+00:00,-1.6037630656e-05
2026-08-05 00:00:00+00:00,-4.52013035251e-05
2026-08-05 08:00:00+00:00,1.70820629493e-05
2026-08-05 16:00:00+00:00,-2.03682277445e-05
2026-08-06 00:00:00+00:00,7.18973766562e-05
2026-08-06 08:00:00+00:00,8.542736991e-07
2026-08-06 16:00:00+00:00,1.71069136136e-05
2026-08-07 00:00:00+00:00,2.88350469677e-05
2026-08-07 08:00:00+00:00,6.67092397022e-05
2026-08-07 16:00:00+00:00,1.89688413157e-05
2026-08-08 00:00:00+00:00,2.46228606321e-05
2026-08-08 08:00:00+00:00,3.59142764991e-05
2026-08-08 16:00:00+00:00,-2.156013378e-06
2026-08-09 00:00:00+00:00,1.71944578959e-05
2026-08-09 08:00:00+00:00,6.98565916673e-05
2026-08-09 16:00:00+00:00,1.50459997638e-05
2026-08-10 00:00:00+00:00,5.38090424681e-05
2026-08-10 08:00:00+00:00,4.28864056466e-05
2026-08-10 16:00:00+00:00,0.0001
2026-08-11 00:00:00+00:00,9.29685260374e-05
2026-08-11 08:00:00+00:00,6.29568308174e-05
2026-08-11 16:00:00+00:00,7.29133616208e-05
2026-08-12 00:00:00+00:00,6.50447801533e-05
2026-08-12 08:00:00+00:00,5.86603710092e-05
2026-08-12 16:00:00+00:00,8.12543862044e-05
2026-08-13 00:00:00+00:00,0.0001
2026-08-13 08:00:00+00:00,1.6250221253e-05
2026-08-13 16:00:00+00:00,7.53132654536e-05
2026-08-14 00:00:00+00:00,0.0001
2026-08-14 08:00:00+00:00,8.83149313719e-05
2026-08-14 16:00:00+00:00,9.44808093277e-05
2026-08-15 00:00:00+00:00,6.66945112963e-05
2026-08-15 08:00:00+00:00,3.75308273115e-05
2026-08-15 16:00:00+00:00,3.83273653081e-05
2026-08-16 00:00:00+00:00,2.16430646451e-05
2026-08-16 08:00:00+00:00,8.76265245191e-05
2026-08-16 16:00:00+00:00,7.7278227667e-05
2026-08-17 00:00:00+00:00,7.79795884864e-05
2026-08-17 08:00:00+00:00,1.37824649155e-05
2026-08-17 16:00:00+00:00,3.33349287259e-05
2026-08-18 00:00:00+00:00,1.2978004836e-05
2026-08-18 08:00:00+00:00,4.48222464397e-05
2026-08-18 16:00:00+00:00,-5.095594143e-07
2026-08-19 00:00:00+00:00,-1.50322210573e-05
2026-08-19 08:00:00+00:00,2.62954322888e-05
2026-08-19 16:00:00+00:00,6.49603093738e-05
2026-08-20 00:00:00+00:00,0.0001
2026-08-20 08:00:00+00:00,0.0001
2026-08-20 16:00:00+00:00,0.0001
2026-08-21 00:00:00+00:00,7.80352542507e-05
2026-08-21 08:00:00+00:00,0.0001
2026-08-21 16:00:00+00:00,0.0001
2026-08-22 00:00:00+00:00,0.0001
2026-08-22 08:00:00+00:00,0.0001
2026-08-22 16:00:00+00:00,0.0001
2026-08-23 00:00:00+00:00,0.0001
2026-08-23 08:00:00+00:00,0.0001
2026-08-23 16:00:00+00:00,0.0001
2026-08-24 00:00:00+00:00,0.0001
2026-08-24 08:00:00+00:00,0.0001
2026-08-24 16:00:00+00:00,9.93104214074e-05
2026-08-25 00:00:00+00:00,0.0001
2026-08-25 08:00:00+00:00,0.0001
2026-08-25 16:00:00+00:00,0.0001
2026-08-26 00:00:00+00:00,7.9209396184e-05
2026-08-26 08:00:00+00:00,0.0001
2026-08-26 16:00:00+00:00,8.98800248376e-05
2026-08-27 00:00:00+00:00,7.12565076267e-05
2026-08-27 08:00:00+00:00,8.92326527737e-05
2026-08-27 16:00:00+00:00,1.40752443773e-05
2026-08-28 00:00:00+00:00,3.18649287208e-05
2026-08-28 08:00:00+00:00,3.28234404449e-05
2026-08-28 16:00:00+00:00,4.23164362672e-05
2026-08-29 00:00:00+00:00,0.0001
2026-08-29 08:00:00+00:00,8.88727632534e-05
2026-08-29 16:00:00+00:00,8.31669583314e-05
2026-08-30 00:00:00+00:00,1.56800049537e-05
2026-08-30 08:00:00+00:00,6.94071199056e-05
2026-08-30 16:00:00+00:00,1.21869737294e-05
2026-08-31 00:00:00+00:00,5.79200283002e-05
2026-08-31 08:00:00+00:00,3.6919220214e-05
2026-08-31 16:00:00+00:00,4.8636158381e-05
2026-09-01 00:00:00+00:00,5.59283721234e-05
2026-09-01 08:00:00+00:00,7.60301736977e-05
2026-09-01 16:00:00+00:00,8.29478306291e-05
2026-09-02 00:00:00+00:00,8.19210647289e-05
2026-09-02 08:00:00+00:00,3.12212330133e-05
2026-09-02 16:00:00+00:00,7.57645008435e-05
2026-09-03 00:00:00+00:00,0.0001
2026-09-03 08:00:00+00:00,3.86701308021e-05
2026-09-03 16:00:00+00:00,3.7410071876e-05
2026-09-04 00:00:00+00:00,0.0001
2026-09-04 08:00:00+00:00,7.50079024033e-05
2026-09-04 16:00:00+00:00,4.37067677912e-05
2026-09-05 00:00:00+00:00,5.75932507952e-05
2026-09-05 08:00:00+00:00,6.27391853463e-05
2026-09-05 16:00:00+00:00,-1.60337352153e-05
2026-09-06 00:00:00+00:00,1.72141241818e-05
2026-09-06 08:00:00+00:00,9.17749340908e-05
2026-09-06 16:00:00+00:00,2.47752870499e-05
2026-09-07 00:00:00+00:00,6.64078500437e-05
2026-09-07 08:00:00+00:00,4.57620286772e-05
2026-09-07 16:00:00+00:00,4.10905953666e-05
2026-09-08 00:00:00+00:00,5.0312368003e-05
2026-09-08 08:00:00+00:00,6.79861795016e-05
2026-09-08 16:00:00+00:00,5.60015806449e-05
2026-09-09 00:00:00+00:00,7.96599875772e-05
2026-09-09 08:00:00+00:00,4.49698337612e-05
2026-09-09 16:00:00+00:00,4.30724967348e-05
2026-09-10 00:00:00+00:00,1.77947507675e-05
2026-09-10 08:00:00+00:00,3.5623416911e-05
2026-09-10 16:00:00+00:00,-6.04700439561e-05
2026-09-11 00:00:00+00:00,3.0527365272e-05
2026-09-11 08:00:00+00:00,2.20357972928e-05
2026-09-11 16:00:00+00:00,0.0001
2026-09-12 00:00:00+00:00,2.74278165033e-05
2026-09-12 08:00:00+00:00,4.63075865203e-05
2026-09-12 16:00:00+00:00,4.65474146334e-05
2026-09-13 00:00:00+00:00,0.0001
2026-09-13 08:00:00+00:00,0.0001
2026-09-13 16:00:00+00:00,-2.2404421942e-06
2026-09-14 00:00:00+00:00,3.76153177377e-05
2026-09-14 08:00:00+00:00,3.34154173438e-05
2026-09-14 16:00:00+00:00,3.79744349834e-05
2026-09-15 00:00:00+00:00,5.80420581764e-05
2026-09-15 08:00:00+00:00,-4.328449742e-07
2026-09-15 16:00:00+00:00,-6.8499187956e-06
2026-09-16 00:00:00+00:00,-9.978293787e-07
2026-09-16 08:00:00+00:00,3.390412665e-07
2026-09-16 16:00:00+00:00,2.26156973371e-05
2026-09-17 00:00:00+00:00,4.57572955238e-05
2026-09-17 08:00:00+00:00,8.0923889959e-06
2026-09-17 16:00:00+00:00,6.4613276465e-05
2026-09-18 00:00:00+00:00,6.23463630662e-05
2026-09-18 08:00:00+00:00,9.66188692278e-05
2026-09-18 16:00:00+00:00,9.8214674002e-05
2026-09-19 00:00:00+00:00,0.0001
2026-09-19 08:00:00+00:00,8.1149713026e-05
2026-09-19 16:00:00+00:00,3.68269314162e-05
2026-09-20 00:00:00+00:00,6.32459051249e-05
2026-09-20 08:00:00+00:00,4.44469896585e-05
2026-09-20 16:00:00+00:00,2.62548422972e-05
2026-09-21 00:00:00+00:00,3.61732078078e-05
2026-09-21 08:00:00+00:00,7.94075120523e-05
2026-09-21 16:00:00+00:00,1.09616503395e-05
2026-09-22 00:00:00+00:00,2.07394154529e-05
2026-09-22 08:00:00+00:00,7.74000801592e-05
2026-09-22 16:00:00+00:00,5.70862834719e-05
2026-09-23 00:00:00+00:00,8.17322756499e-05
2026-09-23 08:00:00+00:00,5.36087227332e-05
2026-09-23 16:00:00+00:00,4.38692750094e-05
2026-09-24 00:00:00+00:00,3.00201060969e-05
2026-09-24 08:00:00+00:00,2.00868425887e-05
2026-09-24 16:00:00+00:00,4.16067943587e-05
2026-09-25 00:00:00+00:00,-3.36740302821e-05
2026-09-25 08:00:00+00:00,5.53081588177e-05
2026-09-25 16:00:00+00:00,4.806880535e-07
2026-09-26 00:00:00+00:00,3.43398769675e-05
2026-09-26 08:00:00+00:00,2.5723236544e-05
2026-09-26 16:00:00+00:00,1.78456167672e-05
2026-09-27 00:00:00+00:00,2.90877572136e-05
2026-09-27 08:00:00+00:00,4.23029555095e-05
2026-09-27 16:00:00+00:00,5.73824746084e-05
2026-09-28 00:00:00+00:00,3.8297750662e-05
2026-09-28 08:00:00+00:00,-6.190806708e-06
2026-09-28 16:00:00+00:00,2.93116680404e-05
2026-09-29 00:00:00+00:00,6.19488827078e-05
2026-09-29 08:00:00+00:00,5.72899115064e-05
2026-09-29 16:00:00+00:00,5.98415868892e-05
2026-09-30 00:00:00+00:00,5.75797520932e-05
2026-09-30 08:00:00+00:00,6.15081366215e-05
2026-09-30 16:00:00+00:00,3.67831028786e-05
2026-10-01 00:00:00+00:00,1.67965303342e-05
2026-10-01 08:00:00+00:00,8.05030353776e-05
2026-10-01 16:00:00+00:00,4.02660948329e-05
2026-10-02 00:00:00+00:00,1.48696644614e-05
2026-10-02 08:00:00+00:00,7.53291922106e-05
2026-10-02 16:00:00+00:00,2.13347302319e-05
2026-10-03 00:00:00+00:00,7.1819385948e-06
2026-10-03 08:00:00+00:00,4.39784240533e-05
2026-10-03 16:00:00+00:00,1.22246723837e-05
2026-10-04 00:00:00+00:00,3.65301519219e-05
2026-10-04 08:00:00+00:00,1.8149919347e-05
2026-10-04 16:00:00+00:00,4.22476384199e-05
2026-10-05 00:00:00+00:00,0.0001
2026-10-05 08:00:00+00:00,3.75724746479e-05
2026-10-05 16:00:00+00:00,4.21070722866e-05
2026-10-06 00:00:00+00:00,6.09690818699e-05
2026-10-06 08:00:00+00:00,3.50251773792e-05
2026-10-06 16:00:00+00:00,1.68911603294e-05
2026-10-07 00:00:00+00:00,0.0001
2026-10-07 08:00:00+00:00,9.3103952036e-06
2026-10-07 16:00:00+00:00,6.29552458701e-05
2026-10-08 00:00:00+00:00,-2.81197437225e-05
2026-10-08 08:00:00+00:00,4.2893672701e-06
