alpha,valid_start,regime,oos_ret,bench,excess
alpha_004,2026-08-09,neutral,0.0,-2.378,2.378
alpha_004,2026-08-16,neutral,11.813,31.326,-19.513
alpha_004,2026-08-23,bull,-3.546,-1.705,-1.841
alpha_004,2026-08-30,bull,-0.114,3.889,-4.003
alpha_005,2026-08-09,neutral,0.0,-2.378,2.378
alpha_005,2026-08-16,neutral,11.612,31.326,-19.714
alpha_005,2026-08-23,bull,-0.051,-1.705,1.654
alpha_005,2026-08-30,bull,-2.821,3.889,-6.71
alpha_006,2026-08-09,neutral,0.0,-2.378,2.378
alpha_006,2026-08-16,neutral,3.422,31.326,-27.903
alpha_006,2026-08-23,bull,-3.877,-1.705,-2.172
alpha_006,2026-08-30,bull,-3.56,3.889,-7.449
alpha_007,2026-08-09,neutral,0.0,-2.378,2.378
alpha_007,2026-08-16,neutral,0.704,31.326,-30.622
alpha_007,2026-08-23,bull,-5.535,-1.705,-3.83
alpha_007,2026-08-30,bull,-0.502,3.889,-4.391
alpha_008,2026-08-09,neutral,-2.378,-2.378,-0.0
alpha_008,2026-08-16,neutral,0.0,31.326,-31.326
alpha_008,2026-08-23,bull,-2.348,-1.705,-0.642
alpha_008,2026-08-30,bull,3.903,3.889,0.014
alpha_009,2026-08-09,neutral,0.0,-2.378,2.378
alpha_009,2026-08-16,neutral,0.0,31.326,-31.326
alpha_009,2026-08-23,bull,-1.705,-1.705,0.0
alpha_009,2026-08-30,bull,3.889,3.889,0.0
alpha_010,2026-08-09,neutral,3.133,-2.378,5.512
alpha_010,2026-08-16,neutral,-9.767,31.326,-41.092
alpha_010,2026-08-23,bull,0.0,-1.705,1.705
alpha_010,2026-08-30,bull,-3.508,3.889,-7.398
alpha_011,2026-08-09,neutral,-2.378,-2.378,0.0
alpha_011,2026-08-16,neutral,0.0,31.326,-31.326
alpha_011,2026-08-23,bull,-7.065,-1.705,-5.36
alpha_011,2026-08-30,bull,-6.615,3.889,-10.504
alpha_012,2026-08-09,neutral,-1.069,-2.378,1.309
alpha_012,2026-08-16,neutral,0.0,31.326,-31.326
alpha_012,2026-08-23,bull,-1.705,-1.705,0.0
alpha_012,2026-08-30,bull,3.917,3.889,0.028
alpha_013,2026-08-09,neutral,-2.378,-2.378,-0.0
alpha_013,2026-08-16,neutral,0.0,31.326,-31.326
alpha_013,2026-08-23,bull,-1.603,-1.705,0.102
alpha_013,2026-08-30,bull,3.889,3.889,0.0
alpha_014,2026-08-09,neutral,1.078,-2.378,3.456
alpha_014,2026-08-16,neutral,0.0,31.326,-31.326
alpha_014,2026-08-23,bull,-5.469,-1.705,-3.764
alpha_014,2026-08-30,bull,-3.138,3.889,-7.027
alpha_015,2026-08-09,neutral,0.0,-2.378,2.378
alpha_015,2026-08-16,neutral,3.32,31.326,-28.005
alpha_015,2026-08-23,bull,-3.591,-1.705,-1.886
alpha_015,2026-08-30,bull,0.0,3.889,-3.889
alpha_016,2026-08-09,neutral,-3.322,-2.378,-0.944
alpha_016,2026-08-16,neutral,-0.844,31.326,-32.17
alpha_016,2026-08-23,bull,-2.715,-1.705,-1.009
alpha_016,2026-08-30,bull,0.0,3.889,-3.889
alpha_017,2026-08-09,neutral,0.0,-2.378,2.378
alpha_017,2026-08-16,neutral,-4.473,31.326,-35.798
alpha_017,2026-08-23,bull,-0.365,-1.705,1.341
alpha_017,2026-08-30,bull,-0.702,3.889,-4.591
alpha_018,2026-08-09,neutral,-2.378,-2.378,0.0
alpha_018,2026-08-16,neutral,0.0,31.326,-31.326
alpha_018,2026-08-23,bull,-1.15,-1.705,0.555
alpha_018,2026-08-30,bull,-0.05,3.889,-3.939
alpha_019,2026-08-09,neutral,-0.856,-2.378,1.523
alpha_019,2026-08-16,neutral,0.0,31.326,-31.326
alpha_019,2026-08-23,bull,-6.308,-1.705,-4.603
alpha_019,2026-08-30,bull,1.279,3.889,-2.61
alpha_020,2026-08-09,neutral,0.0,-2.378,2.378
alpha_020,2026-08-16,neutral,6.121,31.326,-25.205
alpha_020,2026-08-23,bull,-1.322,-1.705,0.383
alpha_020,2026-08-30,bull,2.273,3.889,-1.616
alpha_021,2026-08-09,neutral,0.0,-2.378,2.378
alpha_021,2026-08-16,neutral,0.0,31.326,-31.326
alpha_021,2026-08-23,bull,0.0,-1.705,1.705
alpha_021,2026-08-30,bull,0.0,3.889,-3.889
alpha_022,2026-08-09,neutral,0.0,-2.378,2.378
alpha_022,2026-08-16,neutral,6.18,31.326,-25.145
alpha_022,2026-08-23,bull,-2.304,-1.705,-0.599
alpha_022,2026-08-30,bull,-2.606,3.889,-6.495
alpha_023,2026-08-09,neutral,-1.064,-2.378,1.314
alpha_023,2026-08-16,neutral,0.0,31.326,-31.326
alpha_023,2026-08-23,bull,-1.76,-1.705,-0.055
alpha_023,2026-08-30,bull,-3.946,3.889,-7.835
alpha_024,2026-08-09,neutral,0.0,-2.378,2.378
alpha_024,2026-08-16,neutral,7.895,31.326,-23.43
alpha_024,2026-08-23,bull,-1.771,-1.705,-0.066
alpha_024,2026-08-30,bull,-2.577,3.889,-6.466
alpha_025,2026-08-09,neutral,-1.548,-2.378,0.83
alpha_025,2026-08-16,neutral,-4.09,31.326,-35.416
alpha_025,2026-08-23,bull,-0.822,-1.705,0.883
alpha_025,2026-08-30,bull,-3.108,3.889,-6.997
alpha_026,2026-08-09,neutral,0.0,-2.378,2.378
alpha_026,2026-08-16,neutral,0.0,31.326,-31.326
alpha_026,2026-08-23,bull,0.0,-1.705,1.705
alpha_026,2026-08-30,bull,0.0,3.889,-3.889
alpha_027,2026-08-09,neutral,-2.378,-2.378,0.0
alpha_027,2026-08-16,neutral,0.0,31.326,-31.326
alpha_027,2026-08-23,bull,-1.705,-1.705,0.0
alpha_027,2026-08-30,bull,3.889,3.889,0.0
alpha_028,2026-08-09,neutral,0.0,-2.378,2.378
alpha_028,2026-08-16,neutral,0.0,31.326,-31.326
alpha_028,2026-08-23,bull,-1.705,-1.705,0.0
alpha_028,2026-08-30,bull,3.889,3.889,0.0
alpha_029,2022-07-15,bear,0.0,56.956,-56.956
alpha_029,2023-10-29,neutral,1.367,14.107,-12.74
alpha_029,2025-02-11,bear,0.0,-28.565,28.565
alpha_029,2026-05-28,neutral,0.0,-21.891,21.891
